{"lr": 0.0, "_runtime": 101987, "_timestamp": 1644507615, "_step": 300850, "train/1.s_loss": 0.757064600944519, "train/2.t_loss": 2.8333803203105927, "train/3.t_labeled": 0.700214590549469, "train/4.t_unlabeled": 0.26664531587064266, "train/5.t_mpl": 3.206872524552651e-06, "train/6.mask": 0.9999888396263122, "test/loss": 0.7962566450119019, "test/acc@1": 95.55999755859375, "test/acc@5": 99.62999725341797, "result/test_acc@1": 95.62000274658203, "finetune/train_loss": 0.7000427236557006, "finetune/test_loss": 0.7921383839607239, "finetune/acc@1": 95.47000122070312, "finetune/acc@5": 99.87000274658203, "result/fintune_acc@1": 95.62000274658203, "_wandb": {"runtime": 101988}}