{"finetune/train_loss": 0.8543399000167846, "finetune/test_loss": 0.7826834803581237, "finetune/acc@1": 95.76000213623047, "finetune/acc@5": 99.80999755859375, "_runtime": 1446, "_timestamp": 1644548327, "_step": 837, "result/fintune_acc@1": 95.9000015258789, "_wandb": {"runtime": 1449}}