{"finetune/train_loss": 0.2629371972084045, "finetune/test_loss": 0.17695760867595672, "finetune/acc@1": 95.79000091552734, "finetune/acc@5": 99.8499984741211, "_runtime": 2237, "_timestamp": 1644528849, "_step": 1249, "result/fintune_acc@1": 95.91999816894531, "_wandb": {"runtime": 2237}}