{"finetune/train_loss": 0.7209596953392029, "finetune/test_loss": 0.7884354425430298, "finetune/acc@1": 95.75, "finetune/acc@5": 99.70999908447266, "_runtime": 208, "_timestamp": 1644806897, "_step": 113, "result/finetune_acc@1": 95.81999969482422, "_wandb": {"runtime": 211}}