{"finetune/train_loss": 0.7792268571853638, "finetune/test_loss": 0.7913482244491578, "finetune/acc@1": 95.72000122070312, "finetune/acc@5": 99.58000183105469, "_runtime": 2280, "_timestamp": 1644810261, "_step": 1155, "result/finetune_acc@1": 95.77999877929688}