{"finetune/train_loss": 0.7805518345832825, "finetune/test_loss": 0.7913481362342835, "finetune/acc@1": 95.7300033569336, "finetune/acc@5": 99.61000061035156, "_runtime": 2241, "_timestamp": 1644810222, "_step": 1133, "result/finetune_acc@1": 95.77999877929688}