{"lr": 0.0, "_runtime": 102128, "_timestamp": 1644497812, "_step": 300850, "train/1.s_loss": 0.7572959561347962, "train/2.t_loss": 2.828210833311081, "train/3.t_labeled": 0.7004320766329766, "train/4.t_unlabeled": 0.2660153699815273, "train/5.t_mpl": -0.00034421225353337804, "train/6.mask": 0.9999676349163056, "test/loss": 0.8002363995552063, "test/acc@1": 95.41999816894531, "test/acc@5": 99.66999816894531, "result/test_acc@1": 95.6500015258789, "finetune/train_loss": 0.702733859539032, "finetune/test_loss": 0.7922282444000244, "finetune/acc@1": 95.37999725341797, "finetune/acc@5": 99.8499984741211, "result/fintune_acc@1": 95.6500015258789, "_wandb": {"runtime": 102129}}