{"lr": 0.0, "_runtime": 108521, "_timestamp": 1644631862, "_step": 301850, "train/1.s_loss": 0.7569885465502739, "train/2.t_loss": 2.839757381916046, "train/3.t_labeled": 0.7002319610714912, "train/4.t_unlabeled": 0.26744067718088627, "train/5.t_mpl": 0.0, "train/6.mask": 0.9999430820941925, "test/loss": 0.7969999615669251, "test/acc@1": 95.63999938964844, "test/acc@5": 99.55999755859375, "result/test_acc@1": 95.77999877929688, "finetune/train_loss": 0.6985909028053283, "finetune/test_loss": 0.7920051786422729, "finetune/acc@1": 95.63999938964844, "finetune/acc@5": 99.72000122070312, "result/fintune_acc@1": 95.77999877929688, "_wandb": {"runtime": 108522}}