{"finetune/train_loss": 0.7793519392013549, "finetune/test_loss": 0.7897441875457764, "finetune/acc@1": 95.76000213623047, "finetune/acc@5": 99.76000213623047, "_runtime": 2299, "_timestamp": 1644810140, "_step": 1249, "result/finetune_acc@1": 95.77999877929688, "_wandb": {"runtime": 2300}}