{"lr": 0.0, "_runtime": 102621, "_timestamp": 1644508355, "_step": 300850, "train/1.s_loss": 0.7575089117288589, "train/2.t_loss": 2.8261209831237792, "train/3.t_labeled": 0.7004321625828743, "train/4.t_unlabeled": 0.2657112010717392, "train/5.t_mpl": -7.918044681503033e-07, "train/6.mask": 0.999965402841568, "test/loss": 0.8031326648712158, "test/acc@1": 95.2699966430664, "test/acc@5": 99.70999908447266, "result/test_acc@1": 95.56999969482422, "finetune/train_loss": 0.7035787959098816, "finetune/test_loss": 0.7907185348510742, "finetune/acc@1": 95.2699966430664, "finetune/acc@5": 99.93000030517578, "result/fintune_acc@1": 95.56999969482422, "_wandb": {"runtime": 102622}}