{"finetune/train_loss": 0.7586084852218627, "finetune/test_loss": 0.794466007232666, "finetune/acc@1": 95.69000244140625, "finetune/acc@5": 99.44000244140625, "_runtime": 2299, "_timestamp": 1644564960, "_step": 1249, "result/fintune_acc@1": 95.91999816894531, "_wandb": {"runtime": 2299}}