{"lr": 0.0, "_runtime": 101952, "_timestamp": 1644507394, "_step": 300850, "train/1.s_loss": 0.7578696633577346, "train/2.t_loss": 2.8227587087154387, "train/3.t_labeled": 0.700467033803463, "train/4.t_unlabeled": 0.26523020420968535, "train/5.t_mpl": 0.00045004341820782656, "train/6.mask": 0.9999765632152557, "test/loss": 0.7949565390586854, "test/acc@1": 95.66000366210938, "test/acc@5": 99.58000183105469, "result/test_acc@1": 95.76000213623047, "finetune/train_loss": 0.6997801141738892, "finetune/test_loss": 0.7916317222595215, "finetune/acc@1": 95.48999786376953, "finetune/acc@5": 99.7699966430664, "result/fintune_acc@1": 95.76000213623047, "_wandb": {"runtime": 101953}}